[
{
  "fields": {
    "name": "Encargado de Produccion",
    "permissions": [
      [
        "add_lote",
        "recetas",
        "lote"
      ],
      [
        "change_lote",
        "recetas",
        "lote"
      ],
      [
        "delete_lote",
        "recetas",
        "lote"
      ],
      [
        "ver_perdida_stock",
        "recetas",
        "perdidastock"
      ],
      [
        "add_perdidastocklote",
        "recetas",
        "perdidastocklote"
      ],
      [
        "delete_perdidastocklote",
        "recetas",
        "perdidastocklote"
      ],
      [
        "ver_productos_terminados_disponibles",
        "recetas",
        "productoterminado"
      ],
      [
        "add_receta",
        "recetas",
        "receta"
      ],
      [
        "change_receta",
        "recetas",
        "receta"
      ],
      [
        "delete_receta",
        "recetas",
        "receta"
      ],
      [
        "add_recetadetalle",
        "recetas",
        "recetadetalle"
      ],
      [
        "change_recetadetalle",
        "recetas",
        "recetadetalle"
      ],
      [
        "delete_recetadetalle",
        "recetas",
        "recetadetalle"
      ]
    ]
  },
  "model": "auth.group",
  "pk": 1
},
{
  "fields": {
    "name": "Administrador de Usuarios",
    "permissions": [
      [
        "add_user",
        "auth",
        "user"
      ],
      [
        "change_user",
        "auth",
        "user"
      ],
      [
        "delete_user",
        "auth",
        "user"
      ]
    ]
  },
  "model": "auth.group",
  "pk": 2
},
{
  "fields": {
    "name": "Encargado de Ventas",
    "permissions": [
      [
        "add_ciudad",
        "recetas",
        "ciudad"
      ],
      [
        "change_ciudad",
        "recetas",
        "ciudad"
      ],
      [
        "delete_ciudad",
        "recetas",
        "ciudad"
      ],
      [
        "add_cliente",
        "recetas",
        "cliente"
      ],
      [
        "change_cliente",
        "recetas",
        "cliente"
      ],
      [
        "delete_cliente",
        "recetas",
        "cliente"
      ],
      [
        "add_pedidocliente",
        "recetas",
        "pedidocliente"
      ],
      [
        "change_pedidocliente",
        "recetas",
        "pedidocliente"
      ],
      [
        "delete_pedidocliente",
        "recetas",
        "pedidocliente"
      ],
      [
        "add_pedidoclientedetalle",
        "recetas",
        "pedidoclientedetalle"
      ],
      [
        "change_pedidoclientedetalle",
        "recetas",
        "pedidoclientedetalle"
      ],
      [
        "delete_pedidoclientedetalle",
        "recetas",
        "pedidoclientedetalle"
      ],
      [
        "add_zona",
        "recetas",
        "zona"
      ],
      [
        "change_zona",
        "recetas",
        "zona"
      ],
      [
        "delete_zona",
        "recetas",
        "zona"
      ]
    ]
  },
  "model": "auth.group",
  "pk": 3
},
{
  "fields": {
    "name": "Encargado de Compras",
    "permissions": [
      [
        "add_detallepedidoproveedor",
        "recetas",
        "detallepedidoproveedor"
      ],
      [
        "change_detallepedidoproveedor",
        "recetas",
        "detallepedidoproveedor"
      ],
      [
        "delete_detallepedidoproveedor",
        "recetas",
        "detallepedidoproveedor"
      ],
      [
        "add_insumo",
        "recetas",
        "insumo"
      ],
      [
        "change_insumo",
        "recetas",
        "insumo"
      ],
      [
        "delete_insumo",
        "recetas",
        "insumo"
      ],
      [
        "add_pedidoproveedor",
        "recetas",
        "pedidoproveedor"
      ],
      [
        "change_pedidoproveedor",
        "recetas",
        "pedidoproveedor"
      ],
      [
        "delete_pedidoproveedor",
        "recetas",
        "pedidoproveedor"
      ],
      [
        "add_proveedor",
        "recetas",
        "proveedor"
      ],
      [
        "change_proveedor",
        "recetas",
        "proveedor"
      ],
      [
        "delete_proveedor",
        "recetas",
        "proveedor"
      ]
    ]
  },
  "model": "auth.group",
  "pk": 4
},
{
  "fields": {
    "name": "Encargado de Reparto",
    "permissions": [
      [
        "add_chofer",
        "recetas",
        "chofer"
      ],
      [
        "change_chofer",
        "recetas",
        "chofer"
      ],
      [
        "delete_chofer",
        "recetas",
        "chofer"
      ]
    ]
  },
  "model": "auth.group",
  "pk": 5
},
{
  "fields": {
    "name": "Encargado de Cobros",
    "permissions": [
      [
        "cobrar_a_cliente",
        "recetas",
        "cliente"
      ],
      [
        "ver_clientes_morosos",
        "recetas",
        "cliente"
      ]
    ]
  },
  "model": "auth.group",
  "pk": 6
},
{
  "fields": {
    "name": "Encargado de Stock",
    "permissions": [
      [
        "add_entrega",
        "recetas",
        "entrega"
      ],
      [
        "add_entregadetalle",
        "recetas",
        "entregadetalle"
      ],
      [
        "add_hojaderuta",
        "recetas",
        "hojaderuta"
      ],
      [
        "change_insumo",
        "recetas",
        "insumo"
      ],
      [
        "change_lote",
        "recetas",
        "lote"
      ],
      [
        "change_productoterminado",
        "recetas",
        "productoterminado"
      ]
    ]
  },
  "model": "auth.group",
  "pk": 7
},
{
  "fields": {
    "username": "kevin",
    "first_name": "Kevin Leandro",
    "last_name": "James",
    "is_active": true,
    "is_superuser": true,
    "is_staff": true,
    "last_login": "2015-11-26T13:51:28.544Z",
    "groups": [],
    "user_permissions": [],
    "password": "pbkdf2_sha256$20000$uepY8qb0Ekq8$0P0TDcJqUeg0cRe7GYDfEto0Pm2zlfZaDw51XivQPgw=",
    "email": "kevin1293@gmail.com",
    "date_joined": "2015-11-20T18:58:04Z"
  },
  "model": "auth.user",
  "pk": 1
},
{
  "fields": {
    "username": "cobros",
    "first_name": "",
    "last_name": "",
    "is_active": true,
    "is_superuser": false,
    "is_staff": false,
    "last_login": "2015-12-04T21:47:34.962Z",
    "groups": [
      [
        "Encargado de Cobros"
      ]
    ],
    "user_permissions": [],
    "password": "pbkdf2_sha256$20000$KjR4YnFEBGCh$UzHOenhfcWl3NvwK1Qgi5bvkBSDjN6reAxIgULkScZ8=",
    "email": "",
    "date_joined": "2015-11-20T19:26:00Z"
  },
  "model": "auth.user",
  "pk": 2
},
{
  "fields": {
    "username": "compras",
    "first_name": "",
    "last_name": "",
    "is_active": true,
    "is_superuser": false,
    "is_staff": false,
    "last_login": "2015-12-04T21:50:52.936Z",
    "groups": [
      [
        "Encargado de Compras"
      ]
    ],
    "user_permissions": [],
    "password": "pbkdf2_sha256$20000$hlkZAF4kVeNO$Gm1luZ/kvaqLjKHiH817PdcsmpHPQDCGTNEbZA9gfQo=",
    "email": "",
    "date_joined": "2015-11-20T19:26:32Z"
  },
  "model": "auth.user",
  "pk": 3
},
{
  "fields": {
    "username": "produccion",
    "first_name": "",
    "last_name": "",
    "is_active": true,
    "is_superuser": false,
    "is_staff": false,
    "last_login": "2015-12-04T21:49:17.251Z",
    "groups": [
      [
        "Encargado de Produccion"
      ]
    ],
    "user_permissions": [],
    "password": "pbkdf2_sha256$20000$1G6sWbWciDrw$ASHUZ+rFkbT21qAVX1iusfYTcNeZvlPDCz8R2d7aYKU=",
    "email": "",
    "date_joined": "2015-11-20T19:26:58Z"
  },
  "model": "auth.user",
  "pk": 4
},
{
  "fields": {
    "username": "reparto",
    "first_name": "",
    "last_name": "",
    "is_active": true,
    "is_superuser": false,
    "is_staff": false,
    "last_login": "2015-12-04T21:51:29.293Z",
    "groups": [
      [
        "Encargado de Reparto"
      ]
    ],
    "user_permissions": [],
    "password": "pbkdf2_sha256$20000$FTY4XhvHK0Vc$eWpupUiFWmX/Q0vsty9/hPaiqDWQXqpNDJMN99fy36U=",
    "email": "",
    "date_joined": "2015-11-20T19:27:15Z"
  },
  "model": "auth.user",
  "pk": 5
},
{
  "fields": {
    "username": "stock",
    "first_name": "",
    "last_name": "",
    "is_active": true,
    "is_superuser": false,
    "is_staff": false,
    "last_login": "2015-12-04T21:47:59.134Z",
    "groups": [
      [
        "Encargado de Stock"
      ]
    ],
    "user_permissions": [],
    "password": "pbkdf2_sha256$20000$OXBQ1A9ZNTFK$Wy8d3tdbIRfgr6u8eo/zRkq8yEp31otr93SL7dXQQ/M=",
    "email": "",
    "date_joined": "2015-11-20T19:27:28Z"
  },
  "model": "auth.user",
  "pk": 6
},
{
  "fields": {
    "username": "ventas",
    "first_name": "",
    "last_name": "",
    "is_active": true,
    "is_superuser": false,
    "is_staff": false,
    "last_login": "2015-12-04T21:53:30.075Z",
    "groups": [
      [
        "Encargado de Ventas"
      ]
    ],
    "user_permissions": [],
    "password": "pbkdf2_sha256$20000$QBv0PJ63JXbB$0kWP9s3Eb3pkBwk+iU5xm9Jp56SUlyAEccDGTh20w5Q=",
    "email": "",
    "date_joined": "2015-11-20T19:27:41Z"
  },
  "model": "auth.user",
  "pk": 7
},
{
  "fields": {
    "username": "ivan",
    "first_name": "",
    "last_name": "",
    "is_active": true,
    "is_superuser": true,
    "is_staff": true,
    "last_login": null,
    "groups": [],
    "user_permissions": [],
    "password": "pbkdf2_sha256$20000$QJH3yBZi93mk$UhcPiVrTaogrr6NGc7KBCKfFFuP3tr8p1Z+Nu4olDCk=",
    "email": "",
    "date_joined": "2015-11-23T20:02:08Z"
  },
  "model": "auth.user",
  "pk": 14
},
{
  "fields": {
    "username": "facu",
    "first_name": "",
    "last_name": "",
    "is_active": true,
    "is_superuser": true,
    "is_staff": true,
    "last_login": null,
    "groups": [],
    "user_permissions": [],
    "password": "pbkdf2_sha256$20000$sIw7E6yScrql$mkUkbD/gtQleKh9wrpWUZiNnhMcMEOiDmZDP5wL+B74=",
    "email": "",
    "date_joined": "2015-11-23T20:02:21Z"
  },
  "model": "auth.user",
  "pk": 15
},
{
  "fields": {
    "username": "nico",
    "first_name": "",
    "last_name": "",
    "is_active": true,
    "is_superuser": true,
    "is_staff": true,
    "last_login": "2015-12-04T21:52:30.812Z",
    "groups": [],
    "user_permissions": [],
    "password": "pbkdf2_sha256$20000$7UHWo1vssIMf$rgkNjOCNzFeXLKz2980sZJJXSV3/9k7wIid+1dFHp+E=",
    "email": "",
    "date_joined": "2015-11-23T20:02:33Z"
  },
  "model": "auth.user",
  "pk": 16
},
{
  "fields": {
    "username": "agustina",
    "first_name": "",
    "last_name": "",
    "is_active": true,
    "is_superuser": true,
    "is_staff": true,
    "last_login": null,
    "groups": [],
    "user_permissions": [],
    "password": "pbkdf2_sha256$20000$VRPNkIYTbNIc$kbXQ5dachqtRJ2aH8lHYwOfMIJ/Un+md5Qn3L6vFARA=",
    "email": "",
    "date_joined": "2015-11-23T20:02:49Z"
  },
  "model": "auth.user",
  "pk": 17
},
{
  "fields": {
    "username": "administrador",
    "first_name": "",
    "last_name": "",
    "is_active": true,
    "is_superuser": false,
    "is_staff": false,
    "last_login": "2015-11-25T21:36:33.225Z",
    "groups": [
      [
        "Administrador de Usuarios"
      ]
    ],
    "user_permissions": [],
    "password": "pbkdf2_sha256$20000$w4y597V9mLiO$T+GeRvpFs41Y1OZteCP+olNyUrCmsAY0F75mfM8Syzw=",
    "email": "",
    "date_joined": "2015-11-25T21:09:11Z"
  },
  "model": "auth.user",
  "pk": 21
},
{
  "fields": {
    "expire_date": "2015-12-18T21:53:30.188Z",
    "session_data": "MWI5MjM1MWI0OTNkN2MxNjg1MjI4NjY3MWQ5ZWIwOTE4MzYyMjM5NTp7Il9hdXRoX3VzZXJfaGFzaCI6Ijg3MzcyNmZhZmZlYjIyYjdjYmRmMGIwZTYwY2VmYjdhOWI1NWJhNGMiLCJfYXV0aF91c2VyX2JhY2tlbmQiOiJkamFuZ28uY29udHJpYi5hdXRoLmJhY2tlbmRzLk1vZGVsQmFja2VuZCIsIl9hdXRoX3VzZXJfaWQiOiI3In0="
  },
  "model": "sessions.session",
  "pk": "56zb52woucyop11n46wkmnug87mnf71j"
},
{
  "fields": {
    "expire_date": "2015-12-11T05:07:52.530Z",
    "session_data": "MGJmMDdhNmI2NzBjNGFhNWJiM2I5OTE2MmE5MjIxZTdkNzQyZjkyZTp7Il9hdXRoX3VzZXJfaGFzaCI6ImQ0Y2Y1MDAxOGVmMWZhMTAwYzYyM2JmZTc4ZmUwYmE0ZmNhN2Q2YzgiLCJfYXV0aF91c2VyX2lkIjoiMSIsIl9hdXRoX3VzZXJfYmFja2VuZCI6ImRqYW5nby5jb250cmliLmF1dGguYmFja2VuZHMuTW9kZWxCYWNrZW5kIn0="
  },
  "model": "sessions.session",
  "pk": "8s117krdsbrg0y6vmmwgqerr6lwmdxo1"
},
{
  "fields": {
    "expire_date": "2015-12-11T16:09:26.347Z",
    "session_data": "ZmYyNmZjNWFlNjZhYWYxN2I2Yjg3ZDE0OGM4YzE1NDJiNWZiMDkzNTp7Il9hdXRoX3VzZXJfaGFzaCI6IjRkODllYzY5NmE0YTUyMDhiZWQ2ODFiNjNhNjViN2Q2YTExZDVlM2YiLCJfYXV0aF91c2VyX2JhY2tlbmQiOiJkamFuZ28uY29udHJpYi5hdXRoLmJhY2tlbmRzLk1vZGVsQmFja2VuZCIsIl9hdXRoX3VzZXJfaWQiOiI2In0="
  },
  "model": "sessions.session",
  "pk": "or88xmw2zuciqeox8rgye38zri3qzwpz"
},
{
  "fields": {
    "disponible": true,
    "cuit": "27-29416753-1",
    "e_mail": "mu\u00f1eco@hotmail.com",
    "direccion": "12sd1",
    "activo": true,
    "nombre": "Marcelo Gallardo",
    "telefono": 231222
  },
  "model": "recetas.chofer",
  "pk": 1
},
{
  "fields": {
    "descripcion": "ad",
    "nombre": "Harina",
    "activo": true,
    "unidad_medida": 1,
    "stock": 10
  },
  "model": "recetas.insumo",
  "pk": 1
},
{
  "fields": {
    "nombre": "Fideo Amarillo",
    "activo": true,
    "precio": "40.00",
    "dias_vigencia": 1000,
    "stock": 860
  },
  "model": "recetas.productoterminado",
  "pk": 1
},
{
  "fields": {
    "nombre": "Fideo Verde",
    "activo": true,
    "precio": "30.00",
    "dias_vigencia": 1000,
    "stock": 630
  },
  "model": "recetas.productoterminado",
  "pk": 2
},
{
  "fields": {
    "nombre": "Fideo Negro",
    "activo": true,
    "precio": "20.00",
    "dias_vigencia": 1000,
    "stock": 1638
  },
  "model": "recetas.productoterminado",
  "pk": 3
},
{
  "fields": {
    "descripcion": "kevin chupame la pi",
    "nombre": "receta desde produccion",
    "fecha_creacion": "2015-12-04",
    "cant_prod_terminado": 100,
    "producto_terminado": 1
  },
  "model": "recetas.receta",
  "pk": 1
},
{
  "fields": {
    "receta": 1,
    "insumo": 1,
    "cantidad_insumo": 100
  },
  "model": "recetas.recetadetalle",
  "pk": 1
},
{
  "fields": {
    "nombre": "Alta Zona"
  },
  "model": "recetas.zona",
  "pk": 1
},
{
  "fields": {
    "codigo_postal": 9100,
    "nombre": "Trelew",
    "zona": 1
  },
  "model": "recetas.ciudad",
  "pk": 1
},
{
  "fields": {
    "cuit": 1423423,
    "razon_social": "Leonardo Pisculichi",
    "nombre_dueno": "Enganche",
    "direccion": "25 De Mayo 29486",
    "saldo": 20000.0,
    "ciudad": 1,
    "es_moroso": false,
    "telefono": 44032,
    "email": "piscu@hotmail.com"
  },
  "model": "recetas.cliente",
  "pk": 1
},
{
  "fields": {
    "cuit": 1232541212,
    "razon_social": "Matias Kraneviter",
    "nombre_dueno": "Md",
    "direccion": "25 De Mayo 2912",
    "saldo": 5500.0,
    "ciudad": 1,
    "es_moroso": false,
    "telefono": 445331,
    "email": "colo@hotmail.com"
  },
  "model": "recetas.cliente",
  "pk": 2
},
{
  "fields": {
    "cuit": 12312321,
    "razon_social": "Barovero",
    "nombre_dueno": "Asd",
    "direccion": "1231",
    "saldo": 2300.0,
    "ciudad": 1,
    "es_moroso": false,
    "telefono": 21312,
    "email": "trapito@hotmail.com"
  },
  "model": "recetas.cliente",
  "pk": 3
},
{
  "fields": {
    "activo": true,
    "tipo_pedido": 1,
    "fecha_creacion": "2015-11-27",
    "cliente": 1
  },
  "model": "recetas.pedidocliente",
  "pk": 6
},
{
  "fields": {
    "activo": true,
    "tipo_pedido": 1,
    "fecha_creacion": "2015-12-02",
    "cliente": 2
  },
  "model": "recetas.pedidocliente",
  "pk": 7
},
{
  "fields": {
    "activo": true,
    "tipo_pedido": 1,
    "fecha_creacion": "2015-12-02",
    "cliente": 3
  },
  "model": "recetas.pedidocliente",
  "pk": 8
},
{
  "fields": {
    "activo": true,
    "tipo_pedido": 2,
    "fecha_creacion": "2015-12-04",
    "cliente": 1
  },
  "model": "recetas.pedidocliente",
  "pk": 9
},
{
  "fields": {
    "activo": true,
    "tipo_pedido": 3,
    "fecha_creacion": "2015-12-04",
    "cliente": 1
  },
  "model": "recetas.pedidocliente",
  "pk": 10
},
{
  "fields": {
    "cantidad_producto": 10,
    "pedido_cliente": 6,
    "producto_terminado": 1
  },
  "model": "recetas.pedidoclientedetalle",
  "pk": 13
},
{
  "fields": {
    "cantidad_producto": 10,
    "pedido_cliente": 6,
    "producto_terminado": 2
  },
  "model": "recetas.pedidoclientedetalle",
  "pk": 14
},
{
  "fields": {
    "cantidad_producto": 10,
    "pedido_cliente": 6,
    "producto_terminado": 3
  },
  "model": "recetas.pedidoclientedetalle",
  "pk": 15
},
{
  "fields": {
    "cantidad_producto": 10,
    "pedido_cliente": 7,
    "producto_terminado": 1
  },
  "model": "recetas.pedidoclientedetalle",
  "pk": 16
},
{
  "fields": {
    "cantidad_producto": 10,
    "pedido_cliente": 7,
    "producto_terminado": 2
  },
  "model": "recetas.pedidoclientedetalle",
  "pk": 17
},
{
  "fields": {
    "cantidad_producto": 10,
    "pedido_cliente": 8,
    "producto_terminado": 3
  },
  "model": "recetas.pedidoclientedetalle",
  "pk": 18
},
{
  "fields": {
    "cantidad_producto": 100,
    "pedido_cliente": 9,
    "producto_terminado": 2
  },
  "model": "recetas.pedidoclientedetalle",
  "pk": 19
},
{
  "fields": {
    "cantidad_producto": 100,
    "pedido_cliente": 9,
    "producto_terminado": 3
  },
  "model": "recetas.pedidoclientedetalle",
  "pk": 20
},
{
  "fields": {
    "cantidad_producto": 100,
    "pedido_cliente": 10,
    "producto_terminado": 1
  },
  "model": "recetas.pedidoclientedetalle",
  "pk": 21
},
{
  "fields": {
    "cantidad_producto": 100,
    "pedido_cliente": 10,
    "producto_terminado": 2
  },
  "model": "recetas.pedidoclientedetalle",
  "pk": 22
},
{
  "fields": {
    "fecha_inicio": "2015-11-28",
    "dias": "1,2,3,4,5",
    "fecha_cancelacion": null
  },
  "model": "recetas.pedidofijo",
  "pk": 6
},
{
  "fields": {
    "fecha_inicio": "2015-12-02",
    "dias": "1,2,3,4,5",
    "fecha_cancelacion": null
  },
  "model": "recetas.pedidofijo",
  "pk": 7
},
{
  "fields": {
    "fecha_inicio": "2015-12-02",
    "dias": "1,2,3,4,5",
    "fecha_cancelacion": null
  },
  "model": "recetas.pedidofijo",
  "pk": 8
},
{
  "fields": {
    "fecha_entrega": "2015-12-04"
  },
  "model": "recetas.pedidocambio",
  "pk": 10
},
{
  "fields": {
    "fecha_entrega": "2015-12-04"
  },
  "model": "recetas.pedidoocacional",
  "pk": 9
},
{
  "fields": {
    "stock_disponible": 720,
    "stock_reservado": 0,
    "fecha_vencimiento": "2018-08-30",
    "cantidad_producida": 1000,
    "fecha_produccion": "2015-12-04",
    "producto_terminado": 1
  },
  "model": "recetas.lote",
  "pk": 9
},
{
  "fields": {
    "stock_disponible": 320,
    "stock_reservado": 0,
    "fecha_vencimiento": "2018-08-30",
    "cantidad_producida": 1000,
    "fecha_produccion": "2015-12-04",
    "producto_terminado": 2
  },
  "model": "recetas.lote",
  "pk": 10
},
{
  "fields": {
    "stock_disponible": 520,
    "stock_reservado": 0,
    "fecha_vencimiento": "2018-08-30",
    "cantidad_producida": 1000,
    "fecha_produccion": "2015-12-04",
    "producto_terminado": 3
  },
  "model": "recetas.lote",
  "pk": 11
},
{
  "fields": {
    "fecha": "2015-11-27",
    "monto_pagado": "90.00",
    "numero": 12312
  },
  "model": "recetas.factura",
  "pk": 1
},
{
  "fields": {
    "fecha": "2015-11-27",
    "monto_pagado": "60.00",
    "numero": 2
  },
  "model": "recetas.factura",
  "pk": 2
},
{
  "fields": {
    "rendida": true,
    "fecha_creacion": "2015-12-04",
    "chofer": 1
  },
  "model": "recetas.hojaderuta",
  "pk": 31
},
{
  "fields": {
    "precio": "40.00",
    "hoja_de_ruta": 31,
    "producto_terminado": 1,
    "cantidad_enviada": 120,
    "cantidad_pedida": 120
  },
  "model": "recetas.productosllevados",
  "pk": 76
},
{
  "fields": {
    "precio": "30.00",
    "hoja_de_ruta": 31,
    "producto_terminado": 2,
    "cantidad_enviada": 220,
    "cantidad_pedida": 220
  },
  "model": "recetas.productosllevados",
  "pk": 77
},
{
  "fields": {
    "precio": "20.00",
    "hoja_de_ruta": 31,
    "producto_terminado": 3,
    "cantidad_enviada": 120,
    "cantidad_pedida": 120
  },
  "model": "recetas.productosllevados",
  "pk": 78
},
{
  "fields": {
    "producto_llevado": 76,
    "cantidad_sobrante": 0,
    "lote": 9,
    "cantidad": 120
  },
  "model": "recetas.productosllevadosdetalle",
  "pk": 61
},
{
  "fields": {
    "producto_llevado": 77,
    "cantidad_sobrante": 0,
    "lote": 10,
    "cantidad": 220
  },
  "model": "recetas.productosllevadosdetalle",
  "pk": 62
},
{
  "fields": {
    "producto_llevado": 78,
    "cantidad_sobrante": 0,
    "lote": 11,
    "cantidad": 120
  },
  "model": "recetas.productosllevadosdetalle",
  "pk": 63
},
{
  "fields": {
    "fecha": "2015-12-04",
    "factura": null,
    "pedido": 6,
    "hoja_de_ruta": 31
  },
  "model": "recetas.entrega",
  "pk": 158
},
{
  "fields": {
    "fecha": "2015-12-04",
    "factura": null,
    "pedido": 9,
    "hoja_de_ruta": 31
  },
  "model": "recetas.entrega",
  "pk": 159
},
{
  "fields": {
    "fecha": "2015-12-04",
    "factura": null,
    "pedido": 10,
    "hoja_de_ruta": 31
  },
  "model": "recetas.entrega",
  "pk": 160
},
{
  "fields": {
    "fecha": "2015-12-04",
    "factura": null,
    "pedido": 7,
    "hoja_de_ruta": 31
  },
  "model": "recetas.entrega",
  "pk": 161
},
{
  "fields": {
    "fecha": "2015-12-04",
    "factura": null,
    "pedido": 8,
    "hoja_de_ruta": 31
  },
  "model": "recetas.entrega",
  "pk": 162
},
{
  "fields": {
    "precio": "400.00",
    "entrega": 158,
    "cantidad_entregada": 10,
    "producto_terminado": null,
    "cantidad_enviada": null,
    "pedido_cliente_detalle": 13
  },
  "model": "recetas.entregadetalle",
  "pk": 376
},
{
  "fields": {
    "precio": "300.00",
    "entrega": 158,
    "cantidad_entregada": 10,
    "producto_terminado": null,
    "cantidad_enviada": null,
    "pedido_cliente_detalle": 14
  },
  "model": "recetas.entregadetalle",
  "pk": 377
},
{
  "fields": {
    "precio": "200.00",
    "entrega": 158,
    "cantidad_entregada": 10,
    "producto_terminado": null,
    "cantidad_enviada": null,
    "pedido_cliente_detalle": 15
  },
  "model": "recetas.entregadetalle",
  "pk": 378
},
{
  "fields": {
    "precio": "3000.00",
    "entrega": 159,
    "cantidad_entregada": 100,
    "producto_terminado": null,
    "cantidad_enviada": null,
    "pedido_cliente_detalle": 19
  },
  "model": "recetas.entregadetalle",
  "pk": 379
},
{
  "fields": {
    "precio": "2000.00",
    "entrega": 159,
    "cantidad_entregada": 100,
    "producto_terminado": null,
    "cantidad_enviada": null,
    "pedido_cliente_detalle": 20
  },
  "model": "recetas.entregadetalle",
  "pk": 380
},
{
  "fields": {
    "precio": "0.00",
    "entrega": 160,
    "cantidad_entregada": 100,
    "producto_terminado": 1,
    "cantidad_enviada": null,
    "pedido_cliente_detalle": 21
  },
  "model": "recetas.entregadetalle",
  "pk": 381
},
{
  "fields": {
    "precio": "0.00",
    "entrega": 160,
    "cantidad_entregada": 100,
    "producto_terminado": 2,
    "cantidad_enviada": null,
    "pedido_cliente_detalle": 22
  },
  "model": "recetas.entregadetalle",
  "pk": 382
},
{
  "fields": {
    "precio": "400.00",
    "entrega": 161,
    "cantidad_entregada": 10,
    "producto_terminado": null,
    "cantidad_enviada": null,
    "pedido_cliente_detalle": 16
  },
  "model": "recetas.entregadetalle",
  "pk": 383
},
{
  "fields": {
    "precio": "300.00",
    "entrega": 161,
    "cantidad_entregada": 10,
    "producto_terminado": null,
    "cantidad_enviada": null,
    "pedido_cliente_detalle": 17
  },
  "model": "recetas.entregadetalle",
  "pk": 384
},
{
  "fields": {
    "precio": "200.00",
    "entrega": 162,
    "cantidad_entregada": 10,
    "producto_terminado": null,
    "cantidad_enviada": null,
    "pedido_cliente_detalle": 18
  },
  "model": "recetas.entregadetalle",
  "pk": 385
}
]
